{
  "project_info": {
    "project_number": "821601941791",
    "project_id": "ltddnc-5",
    "storage_bucket": "ltddnc-5.appspot.com"
  },
  "client": [
    {
      "client_info": {
        "mobilesdk_app_id": "1:821601941791:android:7cde4ec0a089ff196c182a",
        "android_client_info": {
          "package_name": "com.example.login"
        }
      },
      "oauth_client": [
        {
          "client_id": "821601941791-11ic9tv4q7ombeoum11o4lv5ard0skg6.apps.googleusercontent.com",
          "client_type": 3
        }
      ],
      "api_key": [
        {
          "current_key": "AIzaSyCtjmLc-taioqiXN6CFzOnEB4DIzTFWdf8"
        }
      ],
      "services": {
        "appinvite_service": {
          "other_platform_oauth_client": [
            {
              "client_id": "821601941791-11ic9tv4q7ombeoum11o4lv5ard0skg6.apps.googleusercontent.com",
              "client_type": 3
            }
          ]
        }
      }
    }
  ],
  "configuration_version": "1"
}